ID,BT_1,BT_2,BT_3,BT_4,BT_5,Sup_BT,WonBT,WonRV,RV_1,RV_2,RV_3,RV_4,RV_5,Sup_RV,FECHA
2298,2,5,23,40,43,7,,,3,6,13,16,25,4,31/05/23
2297,6,10,21,24,33,2,,,5,8,9,24,41,7,27/05/23
2296,1,6,27,29,39,8,,,5,13,16,32,35,4,24/05/23
2295,3,4,23,35,42,7,,,3,7,20,25,33,1,20/05/23
2294,3,5,15,25,29,11,,,1,3,11,26,36,2,17/05/23
2293,6,14,33,35,39,14,,,18,30,33,34,37,8,13/05/23
2292,13,14,15,25,32,14,,,5,18,31,33,35,10,10/05/23
2291,8,26,27,28,42,7,,,4,10,17,23,32,2,6/05/23
2290,9,13,22,39,41,16,,,1,3,24,30,38,10,3/05/23
2289,7,20,26,33,39,7,,,3,14,19,34,39,12,29/04/23
2288,4,10,13,27,43,2,,,2,16,25,35,39,11,26/04/23
2287,17,18,32,37,43,6,,,3,12,15,28,40,1,22/04/23
2286,15,18,19,32,36,8,,,3,13,21,37,43,13,19/04/23
2285,19,21,28,29,30,12,,,5,26,33,37,43,4,15/04/23
2284,11,20,24,29,35,2,,,4,17,19,23,32,9,12/04/23
2283,3,5,12,19,20,5,,,10,27,32,40,42,14,8/04/23
2282,4,5,7,36,37,1,,cayo,4,5,18,22,29,2,5/04/23
2281,1,4,11,22,25,6,,,20,24,27,33,40,12,1/04/23
2280,21,22,23,31,39,6,,,14,16,24,29,30,3,29/03/23
2279,4,17,24,27,40,4,,,7,8,16,19,30,5,25/03/23
2278,1,16,21,34,35,14,,,2,20,23,27,37,8,22/03/23
2277,2,15,16,30,37,3,,,1,5,9,19,31,13,18/03/23
2276,2,4,18,23,39,5,,,3,7,16,33,34,3,15/03/23
2275,9,13,15,27,31,15,cayo,,3,7,24,33,40,14,11/03/23
2274,24,26,35,36,41,7,,,23,30,36,37,40,11,8/03/23
2273,4,5,12,24,33,12,,,1,5,11,28,31,15,4/03/23
2272,16,23,36,39,42,11,,,1,12,38,39,41,16,1/03/23
2271,12,14,20,32,35,9,,,20,26,29,37,38,12,25/02/23
2270,6,8,13,14,22,12,,,10,16,26,32,35,14,22/02/23
2269,7,20,25,30,38,4,,,5,7,10,13,31,14,18/02/23
2268,7,15,22,25,35,9,,,1,19,35,36,39,8,15/02/23
2267,8,11,17,29,42,13,,,7,20,25,26,30,11,11/02/23
2266,3,8,12,13,43,7,,,9,21,23,28,38,12,8/02/23
2265,1,10,14,32,39,10,,,5,6,18,26,42,9,4/02/23
2264,8,12,16,26,39,6,,,8,12,23,37,38,16,1/02/23
2263,2,14,15,28,40,5,,,8,18,27,40,42,8,28/01/23
2262,5,7,10,22,31,12,,,17,20,26,33,38,1,25/01/23
2261,2,7,12,21,37,9,,,6,11,13,16,42,12,21/01/23
2260,10,29,30,32,36,4,,,8,9,33,35,42,13,18/01/23
2259,2,23,25,33,34,10,,,4,8,21,36,43,8,14/01/23
2258,2,17,24,37,42,11,,,17,21,22,27,29,9,11/01/23
2257,17,25,32,33,40,3,,,11,17,33,34,40,9,7/01/23
2256,12,32,36,37,42,11,,,1,12,14,32,33,8,4/01/23
2255,3,11,27,31,32,12,,,14,25,32,33,39,12,31/12/22
2254,2,8,17,20,25,7,,,1,4,9,23,24,13,28/12/22
2253,7,9,23,37,40,14,,,16,26,27,36,42,11,24/12/22
2252,24,27,30,31,39,12,,,31,33,37,40,41,16,21/12/22
2251,1,10,12,39,40,14,,,21,26,34,37,42,16,17/12/22
2250,2,15,23,33,43,4,,,14,18,24,36,42,2,14/12/22
2249,6,9,28,35,41,7,,,4,7,21,22,36,10,10/12/22
2248,11,14,28,29,32,3,,,5,17,21,24,28,10,7/12/22
2247,14,19,21,32,33,1,,,5,11,12,13,34,3,3/12/22
2246,14,16,33,38,41,10,,,6,12,15,16,35,3,30/11/22
2245,4,9,30,31,34,16,,,8,20,21,29,38,11,26/11/22
2244,5,9,13,22,43,12,,cayo,6,11,18,28,43,4,23/11/22
2243,23,26,27,33,37,3,,,4,24,25,26,43,3,19/11/22
2242,7,9,17,38,39,9,,,5,9,16,25,26,10,16/11/22
2241,10,11,25,27,33,16,,,6,21,26,39,41,15,12/11/22
2240,5,14,17,31,34,3,,,2,7,12,26,43,4,9/11/22
2239,4,19,22,36,43,10,,,1,8,17,20,30,9,5/11/22
2238,20,28,30,31,36,8,,,5,15,19,33,43,8,2/11/22
2237,2,10,13,32,42,1,,,5,9,11,20,30,4,29/10/22
2236,9,12,16,17,21,14,,,18,32,33,40,41,10,26/10/22
2235,2,4,6,9,25,13,cayo,,2,5,14,30,36,12,22/10/22
2234,5,8,20,24,37,4,,,1,7,20,36,39,14,19/10/22
2233,9,21,24,39,40,12,,,3,14,35,36,37,8,15/10/22
2232,12,21,25,37,41,3,,,12,24,33,34,36,3,12/10/22
2231,1,3,15,19,29,13,,,10,17,31,36,41,14,8/10/22
2230,1,3,8,31,35,16,,,5,16,23,34,43,16,5/10/22
2229,3,5,28,37,42,15,,,3,5,15,22,42,2,1/10/22
2228,2,4,12,21,33,2,,,6,17,36,37,38,11,28/09/22
2227,5,8,19,30,33,1,,,11,16,32,34,37,5,24/09/22
2226,2,4,20,21,35,3,,,3,6,7,26,42,11,21/09/22
2225,3,25,30,33,34,1,,,9,10,18,29,32,4,17/09/22
2224,7,13,19,32,42,7,,,6,8,20,34,41,8,14/09/22
2223,3,9,10,19,35,8,,,12,18,32,34,43,4,10/09/22
2222,14,15,17,23,39,6,,,1,12,15,22,33,16,7/09/22
2221,2,5,23,27,36,12,,,4,9,26,33,41,3,3/09/22
2220,15,16,26,34,39,6,,,4,12,17,19,42,14,31/08/22
2219,1,13,16,22,25,8,,,1,26,27,35,43,11,27/08/22
2218,14,18,21,26,36,7,,,2,6,24,32,40,5,24/08/22
2217,12,14,15,20,43,10,,,1,6,34,37,39,4,20/08/22
2216,3,8,15,22,33,13,,,3,7,20,31,35,7,17/08/22
2215,5,6,18,19,24,9,cayo,,1,8,10,22,25,4,13/08/22
2214,1,14,15,22,36,11,,,13,14,15,33,40,16,10/08/22
2213,6,13,33,35,41,11,,,4,8,17,39,40,14,6/08/22
2212,6,8,13,32,43,15,,,6,28,33,34,38,12,3/08/22
2211,4,14,19,25,31,15,,,16,17,22,26,36,15,30/07/22
2210,2,20,26,30,43,11,,,7,9,10,11,29,13,27/07/22
2209,2,8,11,19,26,6,,,20,30,31,33,39,10,23/07/22
2208,3,11,29,39,40,13,,,7,8,13,18,37,12,20/07/22
2207,7,9,11,28,34,5,,,3,4,6,18,36,15,16/07/22
2206,16,23,31,39,43,9,,,6,12,13,15,38,16,13/07/22
2205,1,8,21,29,35,6,,,4,15,27,30,35,7,9/07/22
2204,1,8,12,13,42,5,,,22,31,35,40,42,2,6/07/22
2203,7,8,11,12,38,5,,,2,9,16,31,34,5,2/07/22
2202,9,24,29,30,32,14,,,8,11,12,29,41,14,29/06/22
2201,7,9,14,28,39,9,,,2,10,15,22,25,3,25/06/22
2200,16,28,30,32,39,11,,,5,14,20,30,31,8,22/06/22
2199,1,14,18,19,26,10,,,3,7,15,19,43,1,18/06/22
2198,1,7,12,32,43,1,,,14,16,27,34,41,14,15/06/22
2197,22,24,28,31,43,4,,,1,6,16,31,37,13,11/06/22
2196,5,6,17,22,31,10,,,12,22,28,42,43,9,8/06/22
2195,20,24,32,35,37,5,,,3,7,10,26,31,8,4/06/22
2194,13,17,25,26,35,4,,,10,17,18,25,28,16,1/06/22
2193,6,20,25,29,41,4,,,6,29,33,40,42,12,28/05/22
2192,5,10,14,37,40,6,,,1,8,21,28,36,5,25/05/22
2191,13,19,21,25,36,12,,cayo,23,26,27,31,42,4,21/05/22
2190,15,20,27,38,42,3,,,22,23,28,32,38,5,18/05/22
2189,5,7,20,26,33,14,,,4,12,14,28,38,10,14/05/22
2188,21,26,27,30,31,2,,cayo,5,11,22,23,24,15,11/05/22
2187,4,18,30,41,43,11,,,2,6,11,19,22,16,7/05/22
2186,14,27,34,38,40,14,,,3,10,11,19,41,15,4/05/22
2185,3,5,10,30,40,8,,,12,19,24,34,35,10,30/04/22
2184,4,9,20,25,43,14,,,6,7,15,17,31,12,27/04/22
2183,6,16,28,39,40,2,,,3,23,29,30,38,3,23/04/22
2182,13,16,35,38,42,3,,,5,12,18,32,36,12,20/04/22
2181,1,5,8,17,30,15,,,13,14,27,28,39,13,16/04/22
2180,7,9,16,23,28,12,,,7,10,13,28,31,2,13/04/22
2179,20,27,31,34,41,9,,,1,15,27,30,43,3,9/04/22
2178,11,24,33,42,43,15,,cayo,4,14,28,32,35,15,6/04/22
2177,3,7,8,18,38,7,,,13,28,33,37,43,14,2/04/22
2176,4,6,16,36,37,14,,,22,29,30,33,40,3,30/03/22
2175,19,23,33,34,40,5,,,5,19,24,34,39,13,26/03/22
2174,3,9,37,40,42,11,,,16,18,28,30,34,1,23/03/22
2173,9,27,36,39,43,8,,,23,28,31,33,38,4,19/03/22
2172,1,11,31,33,36,7,,,2,13,16,34,38,16,16/03/22
2171,1,4,10,16,25,15,,,2,3,7,24,34,3,12/03/22
2170,17,18,19,27,37,14,,,7,9,21,32,35,7,9/03/22
2169,1,4,5,29,33,11,,,5,12,18,21,22,2,5/03/22
2168,15,20,26,37,40,13,,,3,4,9,19,26,15,2/03/22
2167,3,8,25,36,38,10,,,29,32,33,39,43,1,26/02/22
2166,7,13,36,38,42,9,,,17,20,23,32,40,2,23/02/22
2165,3,22,27,31,32,10,,,7,17,33,35,41,9,19/02/22
2164,14,18,24,37,43,15,,,5,8,9,21,42,8,16/02/22
2163,1,7,22,28,38,6,,,1,12,13,33,36,3,12/02/22
2162,1,6,24,33,43,8,,,2,3,8,15,33,6,9/02/22
2161,5,9,27,38,42,1,,,2,11,12,24,43,12,5/02/22
2160,3,9,22,23,36,2,,,3,14,15,19,31,7,2/02/22
2159,8,18,19,22,32,1,,,18,24,29,40,41,5,29/01/22
2158,12,15,28,35,38,1,,,22,24,31,33,34,13,26/01/22
2157,1,5,13,27,30,7,,,12,14,35,38,40,1,22/01/22
2156,14,17,24,25,41,1,,,22,24,34,38,43,6,19/01/22
2155,4,13,20,27,42,1,,,1,5,9,21,24,10,15/01/22
2154,1,2,11,34,41,10,,,2,12,17,30,32,1,12/01/22
2153,8,11,30,31,38,7,,cayo,9,16,18,21,27,5,8/01/22
2152,10,33,36,40,43,16,,,20,21,38,40,43,5,5/01/22
2151,17,19,20,21,26,13,,,2,8,21,38,43,7,1/01/22
2150,8,24,34,38,42,11,,,16,17,24,26,28,4,29/12/21
2149,2,5,16,24,39,15,,,14,15,26,28,40,14,25/12/21
2148,5,11,29,30,43,14,,,5,20,35,38,43,2,22/12/21
2147,2,18,22,24,28,4,,,3,16,22,26,40,12,18/12/21
2146,1,15,20,31,35,15,,,7,25,34,42,43,2,15/12/21
2145,2,8,20,35,38,3,,,9,16,19,29,39,1,11/12/21
2144,1,4,6,12,22,10,,,9,25,33,35,40,7,8/12/21
2143,9,11,22,26,42,15,,,25,27,31,42,43,14,4/12/21
2142,13,15,16,24,43,13,,,9,11,15,20,35,2,1/12/21
2141,9,13,24,29,38,9,,,6,20,24,30,40,16,27/11/21
2140,17,25,29,34,36,12,,,4,7,19,33,39,8,24/11/21
2139,12,15,22,26,28,7,,,1,4,12,13,33,13,20/11/21
2138,6,7,9,18,35,6,,,1,11,22,32,33,12,17/11/21
2137,1,6,16,22,31,16,,,11,12,28,29,32,13,13/11/21
2136,18,35,37,39,42,13,,,5,7,23,34,43,11,10/11/21
2135,4,5,29,37,42,13,,,3,19,26,32,43,11,6/11/21
2134,7,13,17,21,36,1,,,4,12,35,39,43,14,3/11/21
2133,17,19,21,24,40,11,,,12,19,31,42,43,2,30/10/21
2132,12,14,18,28,40,8,,,6,9,16,17,26,6,27/10/21
2131,2,5,7,20,34,14,cayo,,1,2,18,19,23,7,23/10/21
2130,11,14,15,22,25,16,,,13,14,18,21,39,13,20/10/21
2129,2,8,11,13,22,15,,,6,10,25,26,27,6,16/10/21
2128,1,2,11,15,33,12,,,2,10,15,22,25,6,13/10/21
2127,5,15,27,34,35,4,,,4,8,12,27,41,6,9/10/21
2126,5,20,22,32,35,16,,,10,20,25,30,36,16,6/10/21
2125,1,16,24,36,42,11,,,19,30,38,39,41,1,2/10/21
2124,20,28,35,37,39,3,,,4,9,13,18,25,9,29/09/21
2123,9,17,39,41,43,1,,,6,7,23,36,43,10,25/09/21
2122,14,19,40,41,43,2,,,8,23,27,33,42,9,22/09/21
2121,2,10,11,18,23,10,,,12,24,34,37,40,8,18/09/21
2120,15,20,34,35,38,13,,,4,22,28,35,37,16,15/09/21
2119,8,9,25,32,41,1,,,7,12,27,35,41,8,11/09/21
2118,8,14,25,31,34,6,,,11,19,28,32,36,6,8/09/21
2117,22,30,31,34,41,16,,,8,15,30,36,41,14,4/09/21
2116,1,7,9,31,40,13,,,7,12,20,23,32,1,1/09/21
2115,8,18,21,30,43,5,,,3,20,27,40,43,1,28/08/21
2114,7,18,20,22,34,11,,,3,7,9,17,39,8,25/08/21
2113,12,14,18,37,40,2,,,8,13,22,24,30,10,21/08/21
2112,8,12,15,31,38,14,,,6,9,19,37,39,15,18/08/21
2111,10,14,32,35,42,13,,,15,21,31,32,33,6,14/08/21
2110,2,9,24,26,42,5,,,3,11,22,27,39,2,11/08/21
2109,14,18,20,39,41,5,,,1,6,21,34,40,7,7/08/21
2108,6,10,15,33,42,16,,,1,8,19,29,40,7,4/08/21
2107,1,27,28,34,37,11,,,2,9,17,24,25,8,31/07/21
2106,6,22,28,32,36,2,,,8,19,28,36,40,14,28/07/21
2105,21,22,29,30,38,11,,,3,13,16,36,40,5,24/07/21
2104,7,9,15,16,26,11,,,3,7,23,35,36,10,21/07/21
2103,14,18,20,32,33,4,,,15,16,24,26,40,9,17/07/21
2102,7,8,18,34,42,8,,,20,24,27,29,36,1,14/07/21
2101,8,15,30,35,36,3,,,3,5,25,27,36,14,10/07/21
2100,5,9,16,29,42,11,,,5,17,21,26,31,7,7/07/21
2099,21,22,23,33,41,8,,,1,9,13,22,29,14,3/07/21
2098,26,29,39,42,43,4,,,23,28,35,37,38,15,30/06/21
2097,6,21,22,34,36,10,,,4,14,31,32,43,16,26/06/21
2096,6,19,20,37,38,10,,,15,16,17,39,41,9,23/06/21
2095,1,5,8,14,40,8,,,5,8,14,26,33,3,19/06/21
2094,7,8,21,30,42,2,,,2,6,28,34,38,11,16/06/21
2093,9,15,25,27,33,13,,,18,19,25,26,43,9,12/06/21
2092,7,14,20,34,41,4,,,6,7,26,27,41,15,9/06/21
2091,1,4,5,16,30,7,,,1,9,10,13,27,8,5/06/21
2090,1,15,22,36,37,13,,,3,5,22,26,35,3,2/06/21
2089,8,12,18,40,43,4,,,1,8,18,29,40,2,29/05/21
2088,3,9,12,34,35,13,,,5,16,31,32,33,14,26/05/21
2087,8,29,32,34,42,5,,,2,9,13,35,39,12,22/05/21
2086,9,12,16,21,30,1,,,13,20,29,39,40,16,19/05/21
2085,3,5,25,30,42,8,,,17,26,31,35,38,10,15/05/21
2084,4,23,28,29,31,16,,cayo,4,6,8,9,16,5,12/05/21
2083,4,8,9,28,37,11,,,5,10,24,29,41,11,8/05/21
2082,2,5,10,23,34,7,,,3,15,17,29,32,16,5/05/21
2081,22,23,27,28,30,3,,,1,16,34,41,43,2,1/05/21
2080,3,19,34,37,43,7,,,9,23,31,39,42,10,28/04/21
2079,6,10,25,31,36,16,,,5,9,10,18,27,5,24/04/21
2078,3,12,19,20,24,2,,,6,9,16,22,27,8,21/04/21
2077,5,7,11,16,29,5,,,19,27,33,35,40,9,17/04/21
2076,27,31,32,42,43,1,,,14,16,18,24,31,11,14/04/21
2075,17,18,36,37,42,2,,,5,10,20,22,41,2,10/04/21
2074,4,31,37,41,42,5,,,1,2,8,34,36,1,7/04/21
2073,2,23,30,33,40,16,,,7,13,27,29,41,15,3/04/21
2072,5,7,11,17,22,3,cayo,,4,10,28,37,43,10,31/03/21
2071,13,20,25,30,35,4,,,8,11,25,31,32,3,27/03/21
2070,2,20,32,37,43,13,,,5,19,30,35,37,3,24/03/21
2069,10,16,23,31,43,12,,,5,22,28,29,38,8,20/03/21
2068,14,28,33,34,35,15,cayo,,2,22,30,35,39,15,17/03/21
2067,4,6,27,35,39,2,,,14,15,38,42,43,13,13/03/21
2066,1,4,21,27,33,3,,,13,22,26,36,38,12,10/03/21
2065,1,13,16,19,20,2,,,8,10,18,31,42,1,6/03/21
2064,6,8,15,32,33,13,,,2,3,14,38,42,13,3/03/21
2063,6,17,22,30,42,5,,,7,17,19,27,36,12,27/02/21
2062,5,7,8,12,25,1,,,5,10,12,24,41,5,24/02/21
2061,4,6,17,24,25,14,,,2,14,28,34,39,15,20/02/21
2060,11,21,22,38,42,4,,,1,6,12,40,42,2,17/02/21
2059,3,4,5,7,21,16,,,3,11,18,36,37,4,13/02/21
2058,4,15,31,36,40,6,,,7,18,19,33,35,12,10/02/21
2057,7,15,23,29,35,8,,,5,17,23,28,35,16,6/02/21
2056,6,13,17,33,38,12,,,7,15,34,40,42,14,3/02/21
2055,1,10,11,23,33,10,,,5,6,8,21,23,9,30/01/21
2054,14,19,21,22,23,2,,,3,8,12,15,38,5,27/01/21
2053,7,15,22,25,32,9,,,3,5,11,37,40,5,23/01/21
2052,17,24,26,28,40,16,,,1,3,9,22,25,8,20/01/21
2051,7,14,18,27,28,4,,,2,11,13,22,38,4,16/01/21
2050,1,14,36,37,40,8,,,1,9,11,23,41,1,13/01/21
2049,8,28,33,41,43,4,,,7,10,17,37,43,7,9/01/21
2048,6,29,37,39,43,13,,,3,6,9,31,32,11,6/01/21
2047,16,21,24,26,33,8,,,6,11,13,40,43,5,2/01/21
2046,5,19,24,27,29,4,,,1,17,27,29,38,16,30/12/20
2045,12,19,24,37,42,3,,,18,23,26,35,36,10,26/12/20
2044,5,12,23,28,35,14,,,4,5,15,36,42,16,23/12/20
2043,1,8,14,28,34,13,,,5,10,13,16,18,3,19/12/20
2042,9,24,25,27,40,6,,,5,18,19,25,36,10,16/12/20
2041,1,3,12,15,23,9,,,6,11,20,22,33,4,12/12/20
2040,5,10,21,28,42,16,,,3,16,21,28,39,13,9/12/20
2039,5,13,19,21,25,13,,,4,19,32,35,41,16,5/12/20
2038,7,19,27,31,36,12,,,10,18,20,22,24,6,2/12/20
2037,7,15,23,30,32,15,,,14,22,25,32,40,2,28/11/20
2036,2,21,22,30,34,7,,,9,15,19,30,34,1,25/11/20
2035,6,18,34,40,43,16,cayo,,5,16,18,28,41,2,21/11/20
2034,17,20,26,35,40,13,,,10,25,26,27,29,7,18/11/20
2033,12,19,20,33,37,14,,,2,3,4,11,33,4,14/11/20
2032,3,5,11,25,29,6,,,23,24,25,29,40,1,11/11/20
2031,22,30,32,40,42,12,,,3,8,9,23,35,8,7/11/20
2030,22,26,29,30,39,7,,,4,12,13,24,32,6,4/11/20
2029,1,2,5,16,23,11,,,9,17,21,34,40,4,31/10/20
2028,9,19,20,36,37,12,,,2,5,7,12,22,8,28/10/20
2027,19,20,28,40,42,13,,,6,10,18,27,35,10,24/10/20
2026,1,3,26,33,34,10,,,4,11,12,21,36,8,21/10/20
2025,2,21,27,36,40,15,,,1,5,16,26,29,8,17/10/20
2024,5,8,11,16,32,13,,,5,12,32,34,43,10,14/10/20
2023,1,2,15,36,39,4,,,7,25,29,32,41,7,10/10/20
2022,13,22,27,40,41,5,,,10,13,18,19,37,6,7/10/20
2021,9,17,28,35,38,1,cayo,,8,9,11,36,42,13,3/10/20
2020,1,9,13,16,30,5,,,5,18,29,33,34,6,30/09/20
2019,1,5,18,38,41,10,,,4,13,22,36,37,10,26/09/20
2018,10,20,21,34,36,3,,,8,36,37,38,42,14,23/09/20
2017,6,14,21,28,35,2,,,10,15,21,33,39,7,19/09/20
2016,2,19,22,25,37,15,,,7,15,18,29,32,14,16/09/20
2015,10,11,37,40,41,9,,,8,15,21,27,35,10,12/09/20
2014,7,11,16,30,35,3,,,1,9,18,23,38,6,9/09/20
2013,2,10,27,30,31,10,,,4,8,24,26,32,15,5/09/20
2012,3,19,20,21,28,13,,,4,11,22,34,38,4,2/09/20
2011,10,18,21,24,43,16,,,16,19,20,22,25,6,29/08/20
2010,8,17,26,27,31,11,,,3,19,23,30,40,13,26/08/20
2009,7,18,23,31,36,14,,,1,11,24,32,39,4,22/08/20
2008,2,7,14,25,31,10,,,1,4,10,14,25,14,19/08/20
2007,13,29,30,40,42,10,,,5,15,27,36,38,15,15/08/20
2006,1,13,24,27,39,16,,,8,25,31,33,39,10,12/08/20
2005,4,11,22,25,26,8,,,7,15,26,41,43,9,8/08/20
2004,18,24,28,36,40,5,,,5,27,34,36,39,10,5/08/20
2003,7,24,29,30,38,5,,,5,15,27,28,41,2,1/08/20
2002,2,8,14,19,28,7,,,2,4,6,16,34,12,29/07/20
2001,5,12,25,26,43,7,,,3,11,15,23,26,9,25/07/20
2000,2,22,24,27,37,6,,,15,21,23,36,37,6,22/07/20
1999,5,6,7,28,32,16,,,12,15,29,39,41,4,18/07/20
1998,4,5,13,16,41,2,,,3,19,30,36,39,1,15/07/20
1997,10,13,22,26,42,5,,,1,2,5,30,43,7,11/07/20
1996,22,34,36,37,43,12,,,1,23,24,26,42,9,8/07/20
1995,3,30,32,38,41,6,,,23,24,25,26,38,10,4/07/20
1994,1,8,14,23,40,11,,,7,8,13,27,41,15,1/07/20
1993,8,12,16,21,27,16,,,4,9,25,31,36,15,27/06/20
1992,5,29,33,34,39,9,,,3,12,29,33,37,5,24/06/20
1991,5,14,28,31,39,10,,,14,25,28,34,36,5,20/06/20
1990,1,3,8,28,41,15,,,7,14,19,37,40,13,17/06/20
1989,13,25,30,36,41,7,,,2,9,10,29,31,13,13/06/20
1988,7,14,16,18,36,11,,,1,3,36,39,40,6,10/06/20
1987,2,7,9,12,34,16,,,7,16,26,30,32,7,6/06/20
1986,9,12,23,33,36,7,,,23,25,26,29,41,1,3/06/20
1985,1,7,14,35,43,12,,,7,20,26,32,38,14,30/05/20
1984,4,8,18,25,29,7,,,21,26,30,31,37,3,27/05/20
1983,2,11,26,32,41,5,,,1,5,15,30,40,13,23/05/20
1982,3,7,12,13,40,13,,,2,3,8,17,19,11,20/05/20
1981,16,18,26,37,42,2,,,4,10,18,30,37,6,16/05/20
1980,6,10,14,22,39,14,,,7,32,37,38,41,7,13/05/20
1979,24,30,37,38,40,7,,,13,28,32,41,43,1,9/05/20
1978,9,17,28,31,40,2,,,6,17,30,38,39,3,6/05/20
1977,8,11,15,35,40,14,,,11,19,24,34,39,2,2/05/20
1976,5,24,27,32,35,15,,,5,6,16,18,22,7,29/04/20
1975,4,9,20,35,43,5,,,9,22,25,31,40,15,21/03/20
1974,2,3,4,5,29,12,,,2,14,26,29,40,8,18/03/20
1973,11,20,21,38,40,9,,,3,17,22,35,36,12,14/03/20
1972,8,19,25,36,38,6,,,23,25,26,27,41,9,11/03/20
1971,1,4,8,11,36,9,,,2,10,11,17,22,12,7/03/20
1970,4,9,14,31,34,15,,,5,12,14,15,40,5,4/03/20
1969,5,23,26,32,38,11,,,2,7,15,16,22,4,29/02/20
1968,5,8,12,17,43,9,,,1,11,23,30,32,14,26/02/20
1967,19,20,24,34,43,5,,,5,11,22,27,35,15,22/02/20
1966,1,14,18,22,43,6,,,1,5,15,18,39,7,19/02/20
1965,5,8,10,13,20,8,,,3,27,35,39,42,15,15/02/20
1964,10,15,20,32,41,14,,,6,11,28,34,39,11,12/02/20
1963,4,12,15,33,42,3,,,3,6,7,21,34,5,8/02/20
1962,6,14,25,29,42,13,,,4,8,22,25,28,14,5/02/20
1961,1,18,19,34,40,2,,,2,10,13,16,26,11,1/02/20
1960,17,21,32,36,37,3,,,6,19,31,33,39,5,29/01/20
1959,12,22,30,31,34,7,,,9,16,26,29,31,16,25/01/20
1958,1,7,10,25,27,2,,,4,26,32,36,42,4,20/01/20
1957,2,8,9,25,33,12,,,8,17,18,37,42,11,18/01/20
1956,16,28,37,42,43,9,,,4,13,18,29,37,13,15/01/20
1955,1,4,29,32,33,2,,,10,20,23,28,39,8,11/01/20
1954,10,11,15,28,35,11,,,4,15,17,19,25,1,8/01/20
1953,4,9,15,24,29,7,,,4,8,16,31,37,7,4/01/20
1952,24,26,35,36,41,9,,,8,18,19,22,38,11,1/01/20
1951,2,9,17,27,42,11,,,1,9,20,33,41,9,28/12/19
1950,21,30,35,36,41,2,,,9,19,20,35,39,12,25/12/19
1949,8,14,17,23,37,13,,,13,21,22,24,32,16,21/12/19
1948,8,19,22,25,38,2,,,6,7,15,38,40,16,18/12/19
1947,11,21,33,39,43,8,,,1,8,9,22,23,7,14/12/19
1946,4,13,24,39,41,1,,,8,15,26,32,37,3,11/12/19
1945,12,15,16,38,39,10,,,2,10,36,37,40,15,7/12/19
1944,10,15,16,29,39,16,,,2,4,18,28,33,11,4/12/19
1943,2,3,18,21,36,13,,,8,22,24,25,40,12,30/11/19
1942,11,19,29,36,40,7,,,8,18,22,23,28,11,27/11/19
1941,17,18,20,27,29,11,,,2,5,13,27,41,7,23/11/19
1940,2,14,16,17,31,2,,,1,10,15,20,28,15,20/11/19
1939,3,7,23,30,35,5,,,6,21,23,31,32,15,16/11/19
1938,8,11,13,18,27,12,cayo,,8,14,20,23,28,7,13/11/19
1937,2,10,16,23,25,11,,,4,8,10,26,32,3,9/11/19
1936,7,16,19,20,37,2,,,11,18,30,40,42,10,6/11/19
1935,2,3,4,12,16,10,,,11,19,20,27,28,4,2/11/19
1934,3,10,16,25,41,8,,,7,18,21,23,28,13,30/10/19
1933,2,11,24,28,39,3,,,1,19,31,36,41,15,26/10/19
1932,12,19,20,29,43,1,,,1,12,23,29,38,9,23/10/19
1931,4,8,19,20,35,9,,,4,9,10,17,25,6,19/10/19
1930,5,13,14,26,31,15,,,3,20,24,37,38,11,16/10/19
1929,2,8,9,12,39,13,,,7,9,10,22,39,8,12/10/19
1928,4,9,10,35,40,11,,,2,7,26,32,33,12,9/10/19
1927,19,23,26,30,36,11,,,3,4,7,13,24,14,5/10/19
1926,3,10,20,30,39,11,,,4,8,14,29,41,10,2/10/19
1925,1,9,27,29,35,13,,,1,7,19,22,34,3,28/09/19
1924,4,11,14,16,36,15,,,9,10,14,41,42,11,25/09/19
1923,21,23,26,37,43,11,,,2,25,26,28,35,1,21/09/19
1922,18,23,28,33,35,12,,,14,20,23,33,38,10,18/09/19
1921,1,19,31,37,39,11,,,1,2,5,21,35,12,14/09/19
1920,6,19,23,25,41,7,,,10,18,23,29,41,7,11/09/19
1919,11,14,20,30,34,7,,,4,7,11,39,43,6,7/09/19
1918,2,11,18,23,43,14,,,2,7,16,26,41,2,4/09/19
1917,17,18,33,41,42,8,,,8,15,21,27,32,3,31/08/19
1916,11,18,29,35,37,6,,,3,15,26,31,34,3,28/08/19
1915,4,8,12,17,35,12,,,17,24,25,40,42,4,24/08/19
1914,6,8,13,28,29,8,,,8,14,28,36,43,13,21/08/19
1913,10,12,25,27,41,3,,,7,15,27,32,40,5,17/08/19
1912,7,22,25,36,37,3,,,7,15,22,23,42,2,14/08/19
1911,6,29,34,41,42,16,,,15,29,32,40,43,16,10/08/19
1910,6,27,32,40,42,1,,,4,25,31,38,43,12,7/08/19
1909,2,11,33,36,38,11,,,4,11,24,26,27,5,3/08/19
1908,10,20,25,28,30,3,,,2,3,10,24,28,11,31/07/19
1907,9,13,18,19,33,9,,,5,16,18,25,30,1,27/07/19
1906,3,12,24,25,26,12,,,6,10,14,21,26,15,24/07/19
1905,10,11,15,31,38,5,,,5,19,20,22,34,11,20/07/19
1904,6,12,14,15,38,10,,,7,9,11,13,38,15,17/07/19
1903,2,18,29,37,39,13,,,3,20,28,37,39,4,13/07/19
1902,9,12,31,33,43,11,,,2,4,19,27,34,3,10/07/19
1901,1,8,21,34,35,10,,,15,20,25,35,43,9,6/07/19
1900,1,2,3,10,31,1,,,3,4,22,38,43,12,3/07/19
1899,2,12,16,26,30,2,,,8,26,31,38,39,11,29/06/19
1898,6,12,15,26,35,7,,,18,31,33,34,42,8,26/06/19
1897,15,16,24,26,32,10,,,2,5,12,38,40,7,22/06/19
1896,4,10,20,32,33,15,,,9,10,26,30,36,10,19/06/19
1895,10,14,27,35,41,12,,,2,3,12,29,31,3,15/06/19
1894,3,8,25,28,40,2,,,1,5,8,20,29,13,12/06/19
1893,10,25,29,35,37,5,,,3,29,30,36,37,3,8/06/19
1892,1,4,8,22,37,13,,,13,16,17,22,25,1,5/06/19
1891,1,3,17,23,32,16,,,7,17,18,24,28,4,1/06/19
1890,1,2,22,29,42,16,,,6,20,22,30,34,5,29/05/19
1889,2,10,14,34,40,14,,,4,6,20,27,35,13,25/05/19
1888,9,16,20,28,37,5,,,3,18,24,34,36,4,22/05/19
1887,3,4,20,25,37,12,,,13,26,33,35,40,13,18/05/19
1886,3,17,25,39,42,4,,,14,22,23,31,38,9,15/05/19
1885,3,11,27,39,41,4,,,13,19,28,39,42,15,11/05/19
1884,1,4,21,30,43,15,,,11,15,23,26,39,3,8/05/19
1883,4,11,12,16,26,2,,,9,11,31,35,36,10,4/05/19
1882,1,4,8,19,27,5,,,9,15,24,31,36,3,1/05/19
1881,1,13,32,37,43,10,,,2,15,30,37,38,13,27/04/19
1880,4,8,32,34,40,4,,,12,13,14,31,35,9,24/04/19
1879,10,17,24,29,43,14,,,1,12,13,19,27,4,20/04/19
1878,3,4,31,34,43,14,,,2,9,15,30,32,8,17/04/19
1877,6,7,8,27,34,14,,,4,18,22,34,41,10,13/04/19
1876,15,18,24,34,39,4,,,5,7,8,14,28,9,10/04/19
1875,20,29,32,34,37,6,,,7,13,28,34,40,15,6/04/19
1874,3,4,22,40,41,14,,,3,20,22,33,35,9,3/04/19
1873,6,17,24,39,43,16,,,2,9,18,31,42,13,30/03/19
1872,3,15,20,23,25,11,,,3,9,15,29,41,2,27/03/19
1871,18,20,21,35,43,5,,,6,24,27,32,39,2,23/03/19
1870,6,22,33,36,41,13,,,17,26,30,37,40,13,20/03/19
1869,5,16,26,32,36,3,,,1,14,31,34,42,14,16/03/19
1868,6,8,13,14,37,6,,,1,8,10,15,40,2,13/03/19
1867,24,29,34,35,40,13,,,1,8,12,14,30,7,9/03/19
1866,2,4,12,18,35,7,,,7,11,17,18,43,5,6/03/19
1865,6,22,25,28,40,5,,,10,14,29,35,37,1,2/03/19
1864,6,10,12,18,39,7,,,3,20,24,27,28,9,27/02/19
1863,3,7,14,19,22,4,,,3,5,7,13,16,13,23/02/19
1862,3,10,32,40,42,15,,,2,19,25,26,28,12,20/02/19
1861,19,25,28,31,40,11,,,6,13,14,30,34,5,16/02/19
1860,1,5,6,8,27,14,,,5,17,27,29,30,3,13/02/19
1859,3,5,30,37,39,12,,,11,13,18,21,37,1,9/02/19
1858,1,10,23,38,43,7,,,16,17,31,36,38,4,6/02/19
1857,16,17,21,22,43,3,,,20,22,23,26,28,10,2/02/19
1856,16,18,19,21,38,7,,,9,10,13,14,37,10,30/01/19
1855,3,7,11,19,25,3,,,5,20,26,34,37,7,26/01/19
1854,7,9,16,24,31,3,,,8,12,29,30,31,1,23/01/19
1853,8,15,28,38,42,7,,,8,18,19,32,42,15,19/01/19
1852,6,13,15,26,31,3,,,12,17,27,29,32,8,16/01/19
1851,2,19,22,28,32,11,,,21,31,33,35,41,9,12/01/19
1850,5,20,27,30,38,16,,,1,4,8,14,41,3,9/01/19
1849,10,14,19,39,41,1,,,10,13,21,34,43,11,5/01/19
1848,9,14,25,26,37,7,,,1,9,17,33,42,10,2/01/19
1847,10,14,29,30,42,2,,,2,6,22,28,34,9,29/12/18
1846,9,13,31,33,41,3,,,3,23,30,32,40,10,26/12/18
1845,3,7,11,39,41,2,,,1,40,41,42,43,8,22/12/18
1844,15,27,28,41,42,4,,,2,32,34,41,43,10,19/12/18
1843,4,13,25,31,33,5,,,1,8,10,12,40,16,15/12/18
1842,4,17,36,37,43,11,,,7,22,25,32,33,10,12/12/18
1841,14,20,24,25,39,7,,,1,15,24,29,33,13,8/12/18
1840,1,14,15,18,25,13,,,2,30,32,35,36,12,5/12/18
1839,3,6,23,25,38,1,,,12,19,20,33,39,12,1/12/18
1838,2,4,16,30,40,3,,,2,4,32,33,41,9,28/11/18
1837,5,13,22,34,43,2,,,9,10,15,22,24,11,24/11/18
1836,1,15,19,21,42,8,,,4,6,18,32,42,1,21/11/18
1835,10,12,13,32,38,2,,,11,13,14,23,42,14,17/11/18
1834,11,20,21,23,32,12,,,1,6,17,26,35,6,14/11/18
1833,5,23,24,29,43,2,,,8,10,30,35,40,1,10/11/18
1832,8,20,32,36,40,8,,,11,14,16,19,33,11,7/11/18
1831,9,14,28,33,43,1,,,3,10,28,29,33,5,3/11/18
1830,8,17,21,25,40,16,,,5,26,31,39,40,16,31/10/18
1829,6,20,33,36,41,9,,,8,12,15,27,35,16,27/10/18
1828,1,7,11,16,23,3,,,6,14,15,28,30,15,24/10/18
1827,19,20,34,38,39,3,,,3,17,21,28,31,16,20/10/18
1826,5,13,14,35,42,11,,,16,17,23,34,36,8,17/10/18
1825,11,21,27,41,43,12,,,7,23,33,35,36,8,13/10/18
1824,19,26,33,34,42,8,,,6,7,16,38,39,12,10/10/18
1823,8,16,25,36,37,12,,,14,20,28,36,37,12,6/10/18
1822,5,18,19,25,41,11,,,23,26,28,37,43,13,3/10/18
1821,10,14,20,21,41,11,,,9,18,25,38,39,10,29/09/18
1820,2,4,6,7,13,2,,,5,6,15,27,30,6,26/09/18
1819,20,23,35,36,41,14,,,2,8,20,22,28,6,22/09/18
1818,8,24,26,33,35,6,,,9,22,25,30,40,6,19/09/18
1817,2,5,9,34,42,13,,,6,27,28,36,40,4,15/09/18
1816,3,18,34,42,43,4,,,2,5,17,20,23,3,12/09/18
1815,8,9,19,23,38,14,cayo,,4,8,18,20,24,12,8/09/18
1814,4,22,26,29,36,13,,,12,14,16,25,28,15,5/09/18
1813,3,8,10,15,39,9,,,5,16,25,39,41,9,1/09/18
1812,17,27,37,38,40,3,,,3,6,9,24,30,2,29/08/18
1811,3,22,26,29,36,7,,,4,16,18,22,27,13,25/08/18
1810,10,12,34,35,36,9,,,11,12,17,27,41,13,22/08/18
1809,6,12,16,21,33,5,,,7,25,31,33,41,8,18/08/18
1808,1,12,20,39,41,13,,,6,19,30,34,35,9,15/08/18
1807,2,3,22,28,37,8,,,24,33,35,36,41,5,11/08/18
1806,5,33,34,41,43,7,,,3,9,29,31,41,5,8/08/18
1805,6,16,20,24,30,11,,,3,18,23,28,43,15,4/08/18
1804,2,5,9,11,42,9,,,7,8,17,32,37,4,1/08/18
1803,2,11,26,33,40,15,,,2,8,19,23,37,1,28/07/18
1802,2,13,25,36,43,15,,,13,15,24,29,30,11,25/07/18
1801,12,25,32,33,41,10,,,5,15,21,22,39,11,21/07/18
1800,21,32,33,34,37,11,,,16,23,25,26,36,16,18/07/18
1799,4,13,14,16,33,5,,,1,5,13,22,23,12,14/07/18
1798,6,17,31,32,41,13,,,3,7,10,13,21,15,11/07/18
1797,8,11,22,35,41,10,,,4,15,30,38,42,1,7/07/18
1796,5,7,20,34,37,4,,,1,13,20,22,32,14,4/07/18
1795,3,16,18,30,34,16,,,4,32,35,36,37,16,30/06/18
1794,16,20,29,33,40,3,,,21,24,31,39,42,14,27/06/18
1793,11,12,25,33,39,7,,,4,19,30,34,43,8,23/06/18
1792,7,8,18,25,43,6,,,7,11,14,30,42,12,20/06/18
1791,3,20,22,24,36,6,,,1,11,14,15,40,7,16/06/18
1790,2,8,20,25,27,4,,,2,3,12,19,35,12,13/06/18
1789,1,4,18,21,42,2,,,13,28,31,35,43,2,9/06/18
1788,1,7,12,26,43,14,,,2,23,27,28,34,9,6/06/18
1787,3,16,19,20,23,8,,,4,8,12,19,30,1,2/06/18
1786,6,15,19,27,42,16,,,7,8,27,38,39,2,30/05/18
1785,9,12,16,18,34,11,,,4,8,17,23,38,2,26/05/18
1784,8,11,17,23,39,7,,,2,23,25,33,36,4,23/05/18
1783,12,13,23,35,39,16,,,8,21,33,34,42,15,19/05/18
1782,13,16,28,34,37,1,,,3,4,8,19,24,11,16/05/18
1781,6,10,23,31,34,3,,,11,16,18,34,36,7,12/05/18
1780,11,12,39,40,43,1,,,4,20,27,32,40,16,9/05/18
1779,5,6,14,26,31,11,cayo,,5,10,16,35,39,8,5/05/18
1778,7,37,38,39,41,3,,,18,32,35,42,43,3,2/05/18
1777,10,18,19,36,43,13,,,1,2,5,14,30,1,28/04/18
1776,14,27,34,37,43,13,,,22,27,28,30,34,16,25/04/18
1775,10,12,16,17,27,6,,,24,31,32,34,42,12,21/04/18
1774,3,23,31,35,40,15,,,14,16,32,34,39,7,18/04/18
1773,1,12,28,30,33,3,,,19,25,29,36,43,6,14/04/18
1772,7,20,36,42,43,7,,,10,11,15,23,38,12,11/04/18
1771,13,15,24,33,40,9,,,10,14,30,37,42,1,7/04/18
1770,4,7,10,36,41,4,,,4,22,29,32,40,3,4/04/18
1769,9,15,19,27,30,2,,,10,12,17,20,32,14,31/03/18
1768,3,11,18,24,37,11,,,1,4,36,37,43,14,28/03/18
1767,17,26,28,29,42,11,,,8,17,20,21,32,7,24/03/18
1766,10,14,18,20,33,6,,,1,3,6,18,20,16,21/03/18
1765,7,17,18,30,33,3,,,6,8,12,17,31,2,17/03/18
1764,6,20,25,27,43,4,,,13,20,26,36,40,14,14/03/18
1763,4,17,27,28,42,4,,,4,7,17,18,20,9,10/03/18
1762,8,23,24,32,36,13,,,20,23,26,34,37,12,7/03/18
1761,15,28,31,32,35,12,,,2,11,19,21,23,8,3/03/18
1760,7,16,18,37,40,8,,,10,18,21,22,33,13,28/02/18
1759,5,6,9,39,42,16,,,1,12,20,25,35,4,24/02/18
1758,18,34,37,39,41,2,,,3,14,26,31,40,6,21/02/18
1757,10,23,25,26,33,1,,,16,23,28,30,40,12,17/02/18
1756,9,12,18,32,38,7,,,5,24,29,41,43,6,14/02/18
1755,5,6,14,16,35,9,,,2,19,27,37,40,4,10/02/18
1754,4,23,27,29,34,12,,,3,5,17,30,37,8,7/02/18
1753,1,4,14,21,42,16,,,12,16,22,31,32,15,3/02/18
1752,12,19,27,28,41,4,,cayo,25,29,32,35,41,13,31/01/18
1751,12,13,15,18,31,1,,,2,6,14,15,39,4,27/01/18
1750,6,11,12,17,40,14,,,1,11,21,37,38,6,24/01/18
1749,2,6,16,23,43,1,,,10,24,36,38,42,4,20/01/18
1748,6,17,23,27,32,7,,,2,6,8,24,37,3,17/01/18
1747,7,10,24,31,43,5,,,6,9,29,32,33,3,13/01/18
1746,1,5,9,29,42,8,,,11,13,17,25,38,6,10/01/18
1745,1,2,4,5,13,10,,,3,7,10,18,40,9,6/01/18
1744,1,2,33,34,41,10,,,19,26,27,30,32,15,3/01/18
1743,14,30,35,37,40,14,,,6,18,22,29,40,15,30/12/17
1742,2,13,14,26,42,8,,,7,21,32,33,34,9,27/12/17
1741,6,8,13,29,31,13,,,2,6,10,15,24,4,23/12/17
1740,8,14,20,22,42,7,,,20,28,30,31,41,9,20/12/17
1739,17,23,25,29,31,6,,,1,4,5,23,26,12,16/12/17
1738,11,23,33,36,42,4,,,10,19,20,22,31,3,13/12/17
1737,11,15,23,24,25,7,,,4,29,36,38,39,2,9/12/17
1736,3,23,28,29,32,2,,,2,3,8,26,40,12,6/12/17
1735,2,14,21,27,28,1,,,2,14,27,37,41,3,2/12/17
1734,2,5,7,9,28,13,,,2,8,11,29,32,10,29/11/17
1733,15,21,25,26,31,4,,,1,10,14,34,42,15,25/11/17
1732,9,12,18,37,41,13,,,10,11,30,36,43,11,22/11/17
1731,8,12,22,29,39,11,,,3,6,7,28,40,7,18/11/17
1730,11,18,23,32,40,2,,,7,16,24,35,43,10,15/11/17
1729,1,18,22,30,39,1,,,9,13,14,17,34,8,11/11/17
1728,2,4,10,17,37,6,,,7,8,10,42,43,2,8/11/17
1727,15,20,25,29,43,10,,,10,19,20,21,24,10,4/11/17
1726,22,24,28,34,42,8,,,8,20,22,37,43,3,1/11/17
1725,13,20,28,35,40,3,,,5,22,24,33,43,12,28/10/17
1724,11,21,31,32,39,1,,,4,12,28,33,43,13,25/10/17
1723,2,4,9,15,24,11,,,11,12,19,32,33,3,21/10/17
1722,17,26,27,28,40,7,,,2,12,16,24,40,7,18/10/17
1721,18,27,38,40,41,16,,,2,21,31,34,42,1,14/10/17
1720,2,10,21,23,35,9,,,6,9,10,13,22,8,11/10/17
1719,19,22,29,38,39,2,,,13,16,24,35,36,12,7/10/17
1718,24,31,32,33,34,6,,,2,4,21,27,42,3,4/10/17
1717,3,10,13,21,38,10,,,17,23,24,36,38,1,30/09/17
1716,1,10,28,35,41,4,,,5,18,19,26,31,9,27/09/17
1715,4,15,22,23,38,11,,,23,24,30,34,41,1,23/09/17
1714,10,16,19,23,34,11,,,4,11,18,36,41,1,20/09/17
1713,10,17,24,37,42,6,,,2,15,16,22,28,11,16/09/17
1712,7,11,23,41,43,11,,,27,39,40,41,42,16,13/09/17
1711,1,2,20,31,43,8,,,5,20,34,35,43,5,9/09/17
1710,8,16,19,35,41,13,cayo,,1,2,7,28,38,12,6/09/17
1709,1,4,13,23,33,9,,,19,31,32,34,41,12,2/09/17
1708,4,24,28,36,39,5,,,13,17,30,34,43,14,30/08/17
1707,1,6,12,18,36,9,,,10,12,15,41,43,6,26/08/17
1706,13,15,18,26,43,3,,,16,22,24,41,43,9,23/08/17
1705,1,5,6,13,26,6,,,2,6,14,20,27,1,19/08/17
1704,6,14,32,34,42,10,,,4,6,20,29,38,12,16/08/17
1703,15,16,18,19,37,11,,,10,12,27,34,40,10,12/08/17
1702,4,5,9,13,40,15,,,3,12,14,21,23,10,9/08/17
1701,14,25,28,37,41,13,,,2,6,8,12,29,13,5/08/17
1700,1,22,31,32,37,16,,,4,17,33,34,35,14,2/08/17
1699,3,13,14,17,23,2,,,11,14,23,30,35,12,29/07/17
1698,1,27,31,34,36,11,,,17,18,31,34,39,14,26/07/17
1697,6,9,15,37,42,16,,,4,29,30,31,42,16,22/07/17
1696,14,15,20,25,40,12,,,9,10,27,35,42,12,19/07/17
1695,7,23,24,34,39,4,,,26,29,30,35,36,6,15/07/17
1694,7,23,30,33,36,4,,,1,11,19,20,37,5,12/07/17
1693,1,7,12,19,21,8,,,13,15,16,31,37,14,8/07/17
1692,20,22,25,37,43,8,,,16,25,31,32,34,5,5/07/17
1691,10,16,18,35,40,6,,,4,17,21,35,40,1,1/07/17
1690,18,22,32,37,39,2,,,4,7,8,24,41,13,28/06/17
1689,3,4,9,20,32,11,,,1,3,7,16,32,4,24/06/17
1688,4,6,14,17,29,5,,,12,21,25,27,34,10,21/06/17
1687,9,20,24,31,33,16,,,10,19,32,38,40,14,17/06/17
1686,2,9,12,34,40,7,,,5,13,17,22,40,13,14/06/17
1685,13,20,26,29,40,7,,,22,25,26,40,43,14,10/06/17
1684,3,20,33,34,40,14,,,3,13,16,20,26,1,7/06/17
1683,3,26,33,34,38,16,,,8,10,19,22,30,3,3/06/17
1682,12,13,25,31,42,16,,,5,20,21,25,26,3,31/05/17
1681,8,12,20,36,40,1,,,17,28,29,37,40,14,27/05/17
1680,7,22,29,32,41,14,,,11,28,31,33,41,7,24/05/17
1679,1,11,28,31,41,9,,,4,13,20,31,33,8,20/05/17
1678,15,21,26,28,36,3,,,1,20,25,27,34,3,17/05/17
1677,11,19,27,28,37,8,,,14,22,24,25,32,7,13/05/17
1676,12,19,22,35,38,1,,,3,4,29,40,43,4,10/05/17
1675,1,20,36,39,43,10,,,3,5,8,20,24,14,6/05/17
1674,5,6,7,12,37,6,,,5,12,15,20,42,14,3/05/17
1673,6,19,25,28,36,1,,,8,21,22,37,38,4,29/04/17
1672,1,2,25,31,33,14,,,9,12,16,28,38,1,26/04/17
1671,15,28,36,37,41,10,,,3,9,10,21,40,10,22/04/17
